Country,Population,id,Country_bi,Country_cn
Afghanistan,38928346,4,Afghanistan - 阿富汗,阿富汗
Albania,2877797,8,Albania - 阿尔巴尼亚,阿尔巴尼亚
Algeria,43851044,12,Algeria - 阿尔及利亚,阿尔及利亚
American Samoa,55191,16,American Samoa - 美属萨摩亚,美属萨摩亚
Andorra,77265,20,Andorra - 安道尔,安道尔
Angola,32866272,24,Angola - 安哥拉,安哥拉
Anguilla,15003,660,Anguilla - 安圭拉,安圭拉
Antigua and Barbuda,97929,28,Antigua and Barbuda - 安地卡及巴布達,安地卡及巴布達
Argentina,45195774,32,Argentina - 阿根廷,阿根廷
Armenia,2963243,51,Armenia - 亞美尼亞,亞美尼亞
Aruba,106766,533,Aruba - 阿鲁巴,阿鲁巴
Australia,25499884,36,Australia - 澳大利亚,澳大利亚
Austria,9006398,40,Austria - 奥地利,奥地利
Azerbaijan,10139177,31,Azerbaijan - 阿塞拜疆,阿塞拜疆
"Bahamas, The",393244,NA,NA,NA
Bahrain,1701575,48,Bahrain - 巴林,巴林
Bangladesh,164689383,50,Bangladesh - 孟加拉国,孟加拉国
Barbados,287375,52,Barbados - 巴巴多斯,巴巴多斯
Belarus,9449323,112,Belarus - 白俄羅斯,白俄羅斯
Belgium,11589623,56,Belgium - 比利時,比利時
Belize,397628,84,Belize - 伯利兹,伯利兹
Benin,12123200,204,Benin - 贝宁,贝宁
Bermuda,62278,60,Bermuda - 百慕大,百慕大
Bhutan,771608,64,Bhutan - 不丹,不丹
Bolivia,11673021,NA,NA,NA
Bosnia and Herzegovina,3280819,70,Bosnia and Herzegovina - 波黑,波黑
Botswana,2351627,72,Botswana - 博茨瓦纳,博茨瓦纳
Brazil,212559417,76,Brazil - 巴西,巴西
British Virgin Islands,30231,NA,NA,NA
Brunei,437479,NA,NA,NA
Bulgaria,6948445,100,Bulgaria - 保加利亚,保加利亚
Burkina Faso,20903273,854,Burkina Faso - 布吉納法索,布吉納法索
Burundi,11890784,108,Burundi - 布隆迪,布隆迪
Cabo Verde,555987,132,Cabo Verde - 佛得角,佛得角
Cambodia,16718965,116,Cambodia - 柬埔寨,柬埔寨
Cameroon,26545863,120,Cameroon - 喀麦隆,喀麦隆
Canada,37742154,124,Canada - 加拿大,加拿大
Caribbean Netherlands,26223,NA,NA,NA
Cayman Islands,65722,136,Cayman Islands - 开曼群岛,开曼群岛
Central African Republic,4829767,140,Central African Republic - 中非,中非
Chad,16425864,148,Chad - 乍得,乍得
Channel Islands,173863,NA,NA,NA
Chile,19116201,152,Chile - 智利,智利
China,1439323776,156,China - 中国,中国
Colombia,50882891,170,Colombia - 哥伦比亚,哥伦比亚
Comoros,869601,174,Comoros - 科摩罗,科摩罗
Congo (Brazzaville),5244359,NA,NA,NA
Congo (Kinshasa),91931000,NA,NA,NA
Cook Islands,17564,184,Cook Islands - 庫克群島,庫克群島
Costa Rica,5094118,188,Costa Rica - 哥斯达黎加,哥斯达黎加
Croatia,4105267,191,Croatia - 克罗地亚,克罗地亚
Cuba,11326616,192,Cuba - 古巴,古巴
Curacao,164093,NA,NA,NA
Cyprus,1207359,196,Cyprus - 賽普勒斯,賽普勒斯
Czechia,10708981,203,Czechia - 捷克,捷克
Cote d'Ivoire,26378274,NA,NA,NA
Denmark,5792202,208,Denmark - 丹麥,丹麥
Djibouti,988000,262,Djibouti - 吉布提,吉布提
Dominica,71986,212,Dominica - 多米尼克,多米尼克
Dominican Republic,10847910,214,Dominican Republic - 多米尼加,多米尼加
DR Congo,89561403,NA,NA,NA
Ecuador,17643054,218,Ecuador - 厄瓜多尔,厄瓜多尔
Egypt,102334404,818,Egypt - 埃及,埃及
El Salvador,6486205,222,El Salvador - 薩爾瓦多,薩爾瓦多
Equatorial Guinea,1402985,226,Equatorial Guinea - 赤道几内亚,赤道几内亚
Eritrea,3546421,232,Eritrea - 厄立特里亚,厄立特里亚
Estonia,1326535,233,Estonia - 爱沙尼亚,爱沙尼亚
Eswatini,1160164,748,Eswatini - 斯威士兰,斯威士兰
Ethiopia,114963588,231,Ethiopia - 衣索比亞,衣索比亞
Faeroe Islands,48863,NA,NA,NA
Falkland Islands,3480,NA,NA,NA
Fiji,896445,242,Fiji - 斐济,斐济
Finland,5540720,246,Finland - 芬兰,芬兰
France,65273511,250,France - 法國,法國
French Guiana,298682,254,French Guiana - 法属圭亚那,法属圭亚那
French Polynesia,280908,258,French Polynesia - 法屬玻里尼西亞,法屬玻里尼西亞
Gabon,2225734,266,Gabon - 加彭,加彭
"Gambia, The",2416668,NA,NA,NA
Georgia,3989167,268,Georgia - 格鲁吉亚,格鲁吉亚
Germany,83783942,276,Germany - 德國,德國
Ghana,31072940,288,Ghana - 加纳,加纳
Gibraltar,33691,292,Gibraltar - 直布罗陀,直布罗陀
Greece,10423054,300,Greece - 希臘,希臘
Greenland,56770,304,Greenland - 格陵兰,格陵兰
Grenada,112523,308,Grenada - 格瑞那達,格瑞那達
Guadeloupe,400124,312,Guadeloupe - 瓜德罗普,瓜德罗普
Guam,168775,316,Guam - 關島,關島
Guatemala,17915568,320,Guatemala - 危地马拉,危地马拉
Guernsey,67052,831,Guernsey - 根西,根西
Guinea,13132795,324,Guinea - 几内亚,几内亚
Guinea-Bissau,1968001,624,Guinea-Bissau - 几内亚比绍,几内亚比绍
Guyana,786552,328,Guyana - 圭亚那,圭亚那
Haiti,11402528,332,Haiti - 海地,海地
Holy See,801,336,Holy See - 梵蒂冈,梵蒂冈
Honduras,9904607,340,Honduras - 洪都拉斯,洪都拉斯
Hong Kong,7496981,344,Hong Kong - 香港,香港
Hungary,9660351,348,Hungary - 匈牙利,匈牙利
Iceland,341243,352,Iceland - 冰島,冰島
India,1380004385,356,India - 印度,印度
Indonesia,273523615,360,Indonesia - 印尼,印尼
Iran,83992949,NA,NA,NA
Iraq,40222493,368,Iraq - 伊拉克,伊拉克
Ireland,4937786,372,Ireland - 爱尔兰,爱尔兰
Isle of Man,85033,833,Isle of Man - 马恩岛,马恩岛
Israel,8655535,376,Israel - 以色列,以色列
Italy,60461826,380,Italy - 義大利,義大利
Jamaica,2961167,388,Jamaica - 牙买加,牙买加
Japan,126476461,392,Japan - 日本,日本
Jersey,97857,832,Jersey - 澤西,澤西
Jordan,10203134,400,Jordan - 约旦,约旦
Kazakhstan,18776707,398,Kazakhstan - 哈萨克斯坦,哈萨克斯坦
Kenya,53771296,404,Kenya - 肯尼亚,肯尼亚
Kiribati,119449,296,Kiribati - 基里巴斯,基里巴斯
"Korea, Nouth",25778816,NA,NA,NA
"Korea, South",51269185,NA,NA,NA
Kosovo,1739825,NA,NA,NA
Kuwait,4270571,414,Kuwait - 科威特,科威特
Kyrgyzstan,6524195,417,Kyrgyzstan - 吉尔吉斯斯坦,吉尔吉斯斯坦
Laos,7275560,NA,NA,NA
Latvia,1886198,428,Latvia - 拉脫維亞,拉脫維亞
Lebanon,6825445,422,Lebanon - 黎巴嫩,黎巴嫩
Lesotho,2142249,426,Lesotho - 賴索托,賴索托
Liberia,5057681,430,Liberia - 利比里亚,利比里亚
Libya,6871292,434,Libya - 利比亞,利比亞
Liechtenstein,38128,438,Liechtenstein - 列支敦斯登,列支敦斯登
Lithuania,2722289,440,Lithuania - 立陶宛,立陶宛
Luxembourg,625978,442,Luxembourg - 卢森堡,卢森堡
Macao,649335,446,Macao - 澳門,澳門
Madagascar,27691018,450,Madagascar - 马达加斯加,马达加斯加
Malawi,19129952,454,Malawi - 马拉维,马拉维
Malaysia,32365999,458,Malaysia - 马来西亚,马来西亚
Maldives,540544,462,Maldives - 馬爾地夫,馬爾地夫
Mali,20250833,466,Mali - 马里,马里
Malta,441543,470,Malta - 馬爾他,馬爾他
Marshall Islands,59190,584,Marshall Islands - 马绍尔群岛,马绍尔群岛
Martinique,375265,474,Martinique - 马提尼克,马提尼克
Mauritania,4649658,478,Mauritania - 毛里塔尼亚,毛里塔尼亚
Mauritius,1271768,480,Mauritius - 模里西斯,模里西斯
Mayotte,272815,175,Mayotte - 马约特,马约特
Mexico,128932753,484,Mexico - 墨西哥,墨西哥
Micronesia,115023,NA,NA,NA
Moldova,4033963,NA,NA,NA
Monaco,39242,492,Monaco - 摩納哥,摩納哥
Mongolia,3278290,496,Mongolia - 蒙古國,蒙古國
Montenegro,628066,499,Montenegro - 蒙特內哥羅,蒙特內哥羅
Montserrat,4992,500,Montserrat - 蒙特塞拉特,蒙特塞拉特
Morocco,36910560,504,Morocco - 摩洛哥,摩洛哥
Mozambique,31255435,508,Mozambique - 莫桑比克,莫桑比克
Myanmar,54409800,104,Myanmar - 緬甸,緬甸
Namibia,2540905,516,Namibia - 纳米比亚,纳米比亚
Nauru,10824,520,Nauru - 瑙鲁,瑙鲁
Nepal,29136808,524,Nepal - 尼泊尔,尼泊尔
Netherlands,17134872,528,Netherlands - 荷蘭,荷蘭
New Caledonia,285498,540,New Caledonia - 新喀里多尼亞,新喀里多尼亞
New Zealand,4822233,554,New Zealand - 新西蘭,新西蘭
Nicaragua,6624554,558,Nicaragua - 尼加拉瓜,尼加拉瓜
Niger,24206644,562,Niger - 尼日尔,尼日尔
Nigeria,206139589,566,Nigeria - 奈及利亞,奈及利亞
Niue,1626,570,Niue - 纽埃,纽埃
North Korea,25778816,NA,NA,NA
North Macedonia,2083374,807,North Macedonia - 北馬其頓,北馬其頓
Northern Mariana Islands,57559,580,Northern Mariana Islands - 北马里亚纳群岛,北马里亚纳群岛
Norway,5421241,578,Norway - 挪威,挪威
occupied Palestinian territory,4550000,NA,NA,NA
Oman,5106626,512,Oman - 阿曼,阿曼
Pakistan,220892340,586,Pakistan - 巴基斯坦,巴基斯坦
Palau,18094,585,Palau - 帛琉,帛琉
Panama,4314767,591,Panama - 巴拿马,巴拿马
Papua New Guinea,8947024,598,Papua New Guinea - 巴布亚新几内亚,巴布亚新几内亚
Paraguay,7132538,600,Paraguay - 巴拉圭,巴拉圭
Peru,32971854,604,Peru - 秘魯,秘魯
Philippines,109581078,608,Philippines - 菲律賓,菲律賓
Poland,37846611,616,Poland - 波蘭,波蘭
Portugal,10196709,620,Portugal - 葡萄牙,葡萄牙
Puerto Rico,2860853,630,Puerto Rico - 波多黎各,波多黎各
Qatar,2881053,634,Qatar - 卡塔尔,卡塔尔
Romania,19237691,642,Romania - 羅馬尼亞,羅馬尼亞
Russia,145934462,NA,NA,NA
Rwanda,12952218,646,Rwanda - 卢旺达,卢旺达
Reunion,895312,NA,NA,NA
Saint Barthelemy,9877,NA,NA,NA
Saint Helena,6077,NA,NA,NA
Saint Kitts & Nevis,53199,NA,NA,NA
Saint Lucia,183627,662,Saint Lucia - 圣卢西亚,圣卢西亚
Saint Martin,38666,NA,NA,NA
Saint Pierre & Miquelon,5794,NA,NA,NA
Samoa,198414,882,Samoa - 萨摩亚,萨摩亚
San Marino,33931,674,San Marino - 圣马力诺,圣马力诺
Sao Tome & Principe,219159,NA,NA,NA
Saudi Arabia,34813871,682,Saudi Arabia - 沙烏地阿拉伯,沙烏地阿拉伯
Senegal,16743927,686,Senegal - 塞内加尔,塞内加尔
Serbia,8737371,688,Serbia - 塞爾維亞,塞爾維亞
Seychelles,98347,690,Seychelles - 塞舌尔,塞舌尔
Sierra Leone,7976983,694,Sierra Leone - 塞拉利昂,塞拉利昂
Singapore,5850342,702,Singapore - 新加坡,新加坡
Sint Maarten,42876,NA,NA,NA
Slovakia,5459642,703,Slovakia - 斯洛伐克,斯洛伐克
Slovenia,2078938,705,Slovenia - 斯洛維尼亞,斯洛維尼亞
Solomon Islands,686884,90,Solomon Islands - 所罗门群岛,所罗门群岛
Somalia,15893222,706,Somalia - 索馬利亞,索馬利亞
South Africa,59308690,710,South Africa - 南非,南非
South Korea,51269185,NA,NA,NA
South Sudan,11193725,728,South Sudan - 南蘇丹,南蘇丹
Spain,46754778,724,Spain - 西班牙,西班牙
Sri Lanka,21413249,144,Sri Lanka - 斯里蘭卡,斯里蘭卡
Saint Vincent and the Grenadines,110940,670,Saint Vincent and the Grenadines - 圣文森特和格林纳丁斯,圣文森特和格林纳丁斯
State of Palestine,5101414,NA,NA,NA
Sudan,43849260,729,Sudan - 苏丹,苏丹
Suriname,586632,740,Suriname - 苏里南,苏里南
Sweden,10099265,752,Sweden - 瑞典,瑞典
Switzerland,8654622,756,Switzerland - 瑞士,瑞士
Syria,17500658,NA,NA,NA
Taiwan*,23816775,NA,NA,NA
Tajikistan,9537645,762,Tajikistan - 塔吉克斯坦,塔吉克斯坦
Tanzania,59734218,NA,NA,NA
Thailand,69799978,764,Thailand - 泰國,泰國
Timor-Leste,1318445,626,Timor-Leste - 东帝汶,东帝汶
Togo,8278724,768,Togo - 多哥,多哥
Tokelau,1357,772,Tokelau - 托克勞,托克勞
Tonga,105695,776,Tonga - 汤加,汤加
Trinidad and Tobago,1399488,780,Trinidad and Tobago - 千里達及托巴哥,千里達及托巴哥
Tunisia,11818619,788,Tunisia - 突尼西亞,突尼西亞
Turkey,84339067,792,Turkey - 土耳其,土耳其
Turkmenistan,6031200,795,Turkmenistan - 土库曼斯坦,土库曼斯坦
Turks and Caicos,38717,NA,NA,NA
Tuvalu,11792,798,Tuvalu - 图瓦卢,图瓦卢
U.S. Virgin Islands,104425,NA,NA,NA
Uganda,45741007,800,Uganda - 乌干达,乌干达
Ukraine,43733762,804,Ukraine - 烏克蘭,烏克蘭
United Arab Emirates,9890402,784,United Arab Emirates - 阿联酋,阿联酋
United Kingdom,67886011,NA,NA,NA
US,331002651,NA,NA,NA
Uruguay,3473730,858,Uruguay - 乌拉圭,乌拉圭
Uzbekistan,33469203,860,Uzbekistan - 乌兹别克斯坦,乌兹别克斯坦
Vanuatu,307145,548,Vanuatu - 瓦努阿圖,瓦努阿圖
Venezuela,28435940,NA,NA,NA
Vietnam,97338579,NA,NA,NA
Wallis & Futuna,11239,NA,NA,NA
Western Sahara,597339,732,Western Sahara - 阿拉伯撒哈拉民主共和国,阿拉伯撒哈拉民主共和国
Yemen,29825964,887,Yemen - 葉門,葉門
Zambia,18383955,894,Zambia - 尚比亞,尚比亞
Zimbabwe,14862924,716,Zimbabwe - 辛巴威,辛巴威
Cruise Ship,3000,NA,NA,NA
